id,first_name,last_name,title,created_at,updated_at
1,Barbara,Liskov,Dr,2019-01-24 12:10:27.737588,2019-01-24 12:10:27.737588
2,Martin,Fowler,Dr,2019-01-24 12:10:27.778728,2019-01-24 12:10:27.778728
3,Rob,Walters,"",2019-01-24 12:10:27.791125,2019-01-24 12:10:27.791125
4,Margaret,Porter,"",2019-01-24 12:10:27.796995,2019-01-24 12:10:27.796995
5,Richard,Rhodes,"",2019-01-24 12:10:27.802568,2019-01-24 12:10:27.802568
6,Robert,Martin,"",2019-01-24 12:10:27.807894,2019-01-24 12:10:27.807894
7,Frederick,Brooks,Dr.,2019-01-24 12:10:27.813492,2019-01-24 12:10:27.813492
8,Eric,Evans,"",2019-01-24 12:10:27.818266,2019-01-24 12:10:27.818266
9,Esther,Derby,"",2019-01-24 12:10:27.823993,2019-01-24 12:10:27.823993
10,Tracy,Fullerton,"",2019-01-24 12:10:27.828955,2019-01-24 12:10:27.828955
11,Tom,DeMarco,"",2019-01-24 12:10:27.833716,2019-01-24 12:10:27.833716
12,Kent,Beck,"",2019-01-24 12:10:27.838449,2019-01-24 12:10:27.838449
13,Sandi, Metz,"",201-01-24 12:10:27.838449,201-01-24 12:10:27.838449
