id,name,created_at,updated_at
1,Kovacek-Mayer,2019-01-24 12:10:27.709208,2019-01-24 12:10:27.709208
2,Fisher LLC,2019-01-24 12:10:27.711383,2019-01-24 12:10:27.711383
3,"Ankunding, Bruen and Wilderman",2019-01-24 12:10:27.713029,2019-01-24 12:10:27.713029
4,Green Inc,2019-01-24 12:10:27.714743,2019-01-24 12:10:27.714743
5,"Mitchell, Emmerich and Frami",2019-01-24 12:10:27.716488,2019-01-24 12:10:27.716488
6,Fadel-Hudson,2019-01-24 12:10:27.718199,2019-01-24 12:10:27.718199
7,Jacobs-Johnson,2019-01-24 12:10:27.720492,2019-01-24 12:10:27.720492
8,Emard and Sons,2019-01-24 12:10:27.722324,2019-01-24 12:10:27.722324
9,Schmidt Inc,2019-01-24 12:10:27.724416,2019-01-24 12:10:27.724416
10,Yundt Group,2019-01-24 12:10:27.725988,2019-01-24 12:10:27.725988
11,Wilderman LLC,2019-01-24 12:10:27.727682,2019-01-24 12:10:27.727682
12,Pacocha-Abshire,2019-01-24 12:10:27.729395,2019-01-24 12:10:27.729395
